cleaned_tweet,label,backtranslated_tweet
"hahaha yes, donghae and seungri is so **** funny :face_with_tears_of_joy: even i really like donghae and hara moment before :crying_face::blue_heart:",Positif,"hahaha yeah, donghae dan seungri is very funny:"
somehow this club made 2nd on the end of the year :face_with_tears_of_joy::face_with_tears_of_joy:,Netral,I don't know how this club managed to become 2nd at the end of the year:
tengah malam overthinking. ntar kalo udah nyandang gelar sarjana kira kira hidup w bakalan berubah ga ya? atau gini gini aja,Negatif,I'm thinking too much. I'm not going to be able to do anything.
healing paling mantab gas cari cuan dari kemarin sore sampai sore ini mudah mudahan gak typus,Positif,Penembuhan is the most important gas car cuan from yesterday sick till sick this is easy mudahan gak tipe
which is which :smiling_face_with_sunglasses::smiling_face_with_sunglasses:,Netral,Yang mana yang mana: smiling face with sunglasses:: smiling face with sunglasses:
"at least, i mean, prefer, tbh, so far... wkwkwk",Netral,"At least, I mean, more like, Tbh, as far as this... wkwkwk"
i want to spend for people around me. :slightly_smiling_face:,Positif,I want to spend some oranges around you.
selfreminder: overthinking kills your happiness.,Positif,I think too much killing your happiness.
mari healing,Netral,Mari penyembuhan
tetap santai bestie!!!,Positif,"Keep your cool, my friend!!!"
"hidup berdampingan dengan anxiety tidak pernah terbayangkan akan semenderita dan semenyakitkan ini. tapi orang tidak begitu peduli, mungkin karena saya tidak pernah berdarah? atau terluka? padahal pelukan dan tepukan hangat cukup menenangkan untuk meredakan ramainya isi kepala.",Negatif,"Living with anxiety has never been enough to make me feel better. But people don't care so much, maybe because I've never been without blood or wounds."
casemiro couldn't get a yellow even 20000 fouls in a row.,Netral,"Casemiro couldn't get even 20,000 wrongs in a row."
"you know what.. i still have long relationships with dylan :wedding:, i cannot leave it was 10 years ago since senior high school. i cannot love somebody again, sir. . actually, i never love you. choose other women so please don't choose me.",Negatif,"I still have a long relationship with Dylan, I can't leave it 10 years ago since high school."
"ketawa-nangis-ketawa-nangis-ketawa-nangis-nangis-nangis-nangis maraton how i met your mother udah kaya olahraga, saking banyaknya tenaga yang keluar buat... nangis. too many relatable stories.",Negatif,"laugh-nangis-ketawa-nangis-ketawa-nangis-nangis-nangis-nangis marathon how do i meet you i already have a lot of sports, from many people who have gone out to make... cry. too many stories that are related."
"i had a major leak in my kitchen a month ago and have to wait until next wednesday for it to be repaired. somehow from the leaked hole, three small reptiles have entered my kitchen, one even get to my bedroom. we are roommates now. and i am scared.",Negatif,"I had a big kebocoran in my kitchen a month ago and I had to wait until next Wednesday to fix somehow from the bocoran hole, three little reptiles have entered my kitchen, one even till my bedroom."
"last day ada yg mkn2, karaoke, selfie2, dapet kado ada jg yg gajinya dipotong karena sakit 2 hari, ngga bisa wfh, energinya literally habis :folded_hands::folded_hands::folded_hands::folded_hands::folded_hands::folded_hands:",Negatif,I'm going to go to the gym. I'm going to the gym.
"mau ngasih tau,tadi ada bbrp org yg dm aku,mereka takut sama ""keluarga"" sndri sampe rest. panik, ngerasa bersalah,padahal yg dm aku ga buat salah. takut bgt mereka tu. kenapa sih spall spill,nge teh mulu,coba dah besok2 ngopi tau gimana paitnya.",Negatif,"I want you to know, I also have other orang-orang who love me, I'm afraid of my ""family"" I don't get to rest."
kaya healing bgt ga siiii cuma liat view kaya gini?:pleading_face: ga nyesell emg maen di villa:leaf_fluttering_in_wind:,Positif,I'm not sure what the hell happened to the other two.
pi nih udeh baper cm denial bgt anjjj,Negatif,I'm not sure if I'm going to be able to do it.
even though ignores and gos gives no sign. i still wanna be yours and forever call you mine.,Positif,Though she neglects me and doesn't give me a sign I still want to be yours and forever call you mine.
"pingin ajaa sih, bukan healing ya.",Netral,I can't help you.
"malam ini gue nge spill angga , mici ,rafael :smiling_face_with_heart-eyes::smiling_face_with_heart-eyes::smiling_face_with_heart-eyes:",Netral,"This night I will be smiling like a little girl , little girl ."
"ahh after watching 2 percy jackson movie i wish they continue it, but it's not gonna happen anyway they gonna rebooted into a tv series with disney+ which is super awesome!! but not gonna lie alexandra daddario is so beautiful in that movie **** dayum",Positif,"Ahh after watching 2 Percy Jackson movies I hope they keep going, but it won't happen again they will reboot into a TV series with Disney + yang super hebat !! but they won't lie"
"tiba-tiba kangen jatuh cinta. - aku, a self-proclaimed aromantic",Positif,"I'm so sorry I lost you, but I'm not a romantic"
are your kids bored at home and feeling overwhelmed by the online class? a camping activity is a great outdoor adventure to cheer them up as they can discover a new magical home away from home experience with us.__book now: email: reservations.com,Netral,Are your kids tired of the house and feel bored by online classes?
jujurly idup ini hampa bikes ig lo ngga update:smiling_face:,Negatif,Jujur hidup ini motor hampa ini tidak update:
healing,Netral,penembuhan
mengcapek overthinking trosss,Negatif,I think I'm going to think too much.
"seriously, celebrity, maria, even eight????????",Netral,"Seriously, celebrities, maria, even eight????????"
info bis dari bwi kota turun jajag jam 10 pagi ****. plis need help. kl bisa spill harga kisaran juga ya :pleading_face::folded_hands:,Netral,I'm going to go to the hospital at 10am. Please help me.
nongki santuy with,Positif,with nongki santuy
got around 1000km in sumatra. i'm so proud lol.,Positif,I've already walked about 1000 km in Sumatra.
take the new one while waiting at the pine (only replicate) @ ashta district 8,Netral,I took Yang Baru while waiting in the tree pine (hanya replikasi) @ distrik ashta 8
jam overthinking. disaat tetangga pada mudik. tukang jualan semakin sepi. saat itu timbul kekhawatiran. sahur dan buka puasa. sedia indomie kitu.,Negatif,I think it's too much. I'm not going to go back. I'm not going back.
"org orang staycation ke pik, padahal kesawah juga menariq",Positif,"Orang orang stayed resting in the pic, while kesawah juga menariq"
drpd jd pengelola bmn prefer jd bendahara aseli hiks:loudly_crying_face:,Negatif,I'm not sure if this is the case.
"udah sarapan, kenyang, mari selesaikan proposal dengan damai. letakkan gawaimu bestie",Positif,"We're ready for breakfast, we're ready to finish the proposal with peace."
"laris manis produk keripik ahza rasanya yang renyah membuat para pecinta ngemil jadi ketagihan bestie, buruan pesan stok nya masih ready lho di makassar, klik sekarang juga:smiling_face_with_halo::smiling_face_with_halo::smiling_face_with_halo: follow instagram",Netral,"Laris manis products keripik ahza it feels like yang baru membuat para pecinta ngemil jadi ketagihan bestie, buruan pesan stok nya masih siap lho di makassar, klik sekarang juga:smiling_face_with_halo::smiling_face_with_halo::smiling_face_with_halo: follow instagram"
"aria sky is my new crush, no doubt",Netral,"aria sky is kegemaran baru saya, tidak diragukan lagi"
"kenapa akhir2 ini banyak bermunculan preloved buku yang saya incar kek literally secara bersamaan, ditambah lagi harganya murah2 oi. kemarin marin saya cari satu2 seantero twitter nggak ada yg mau ngejual. keknya agustus bakal kalap buku sih, gpo mumpung udh gak reading slump",Negatif,Why are you so busy with this book? I'm going to buy a cake.
self healing menjelang magrib di tepi laut di pentadu barat kab. boalemo...,Positif,"In the run-up to the meeting of the Maghreb on the shores of the Mediterranean Sea,"
"tbh, males sm pertanyaan org sok akrab yg pdhl contact terakhir gatau jaman kapan dan emg bener bener ga akrab trs tbtb nanya macam ""skrg kuliah dimana"" ""skrg kerja dimana"" ""mana pacarnya"" dll kek apazihhh kepo bgt gituu",Negatif,"Tbh, laki-laki sm questions org sok akrab yang pdhl contact terakhir gatau jaman kapan dan emg bener bener ga akrab trs tbtb nanya macam ""skrg kuliah dimana"" ""skrg kerja dimana"" ""mana pacarnya"" dll kue apazihhh kepo bgt gituu"
w juga sadar diri ko yah... klo w g pantes w anaknya... sekarang diajak ngobrol aja ketahuan banget perubahannya... apalagi deep talk auto benci seumur hidup,Negatif,I also realize that yeah... klo i deserve to have a child... now talk to me aja ketahuan banget perubahannya... apalagi bicara mendalam auto benci seumur hidup
i'd like to make myself believe. that planet earth turns slowly. it's hard to say that i'd rather stay awake while i'm asleep. cause everything is never as it's seems.,Netral,I want to make myself believe that the planet Earth is rotating slowly. It's hard to say that I prefer to stay awake while I sleep. Because everything has never been what it seems.
healing,Netral,penembuhan
self healing terbaik versi ane sih ini. jalanjalan jauh naik bis atau kereta sambil denger musik yg mood banget ehehe~,Positif,"The best way to get to know yourself is by walking, by walking, by taking a bus or a train while listening to music."
i have trust issues aaaaa:confounded_face::confounded_face::confounded_face:,Negatif,I have a problem with trusting aaaaa:confounded_face::confounded_face::confounded_face:
healing banget ga tuh:leaf_fluttering_in_wind:,Netral,Healing banget ga tuh: down_fluttering_in_wind:
"hi jk! seeing that you are happy i am very happy, do whatever you want while making yourself happy and other people happy too we are always there to support you and bangtan:purple_heart:",Positif,"Hi JK! seeing that you are happy I am very happy, do whatever you want while making yourself happy and others happy also"
this is not the point of nowhere. just believe that it is the point of something new you never thought before. just stay still ya......,Netral,This is not a point of mana-mana. Just believe that this is a point of something new that you have never thought before.
santuy santuy 24 jam lagi baru terasa tegangnya :loudly_crying_face::loudly_crying_face::loudly_crying_face:,Negatif,Santuy Santuy 24 hours more baru terasa tegangnya:
tau ga apa yg bikin nguras energi? chatan sama crush yang cuek abis.. w selalu bingung jwb apa sedangkan dia suka matiin topik:loudly_crying_face:,Negatif,I'm always confused about what they like about this topic.
"open jasa support system :check_mark_button:calling 5k/menit, jdi alarm jg bisa :check_mark_button:chat 10k/hari, +fast respon, klo gk dibales brrti lagi tidur:rolling_on_the_floor_laughing: +ngingetin makan, mandi, sholat, tidur, dll +bisa jd tmpt curhat +bisa buat pamer di story wa :cross_mark:tdk membuka jasa vc, krn orngnya introvert:rolling_on_the_floor_laughing: *becanda y",Netral,"system dukungan jasa terbuka:check_mark_button:menelpon 5k/minute, jdi alarm jg bisa:check_mark_button:chat 10k/hari, +fast response, klo gk dibales brrti lagi tidur:rolling_on_the_floor_laughing: +ngingetin makan, mandi, sholat, tidur, dll +bisa jd tmpt curhat +bisa buat pamer di cerita wa:cross_mark:tdk open jasa vc, krn orngnya introvert:rolling_on_the_floor_laughing: *becanda y_laughing:"
"let's breathe, like the first time.. and you gonna be happy.. and you gonna be happy.. turn this all around.. when everything is new.. zero o'clock.""",Positif,"Let's go to Bernapes, like the first time... and you'll be happy... and you'll be happy... put all this... when everything is new... no jam""."
"as an ambivert, gw sedang dalam menikmati isolasi mandiri ini. like, jiwa introvert gw literally sedang menguasai badan gw. jiwa ekstrovert istirahat dulu ya. petakilannya ditabung buat nanti.",Netral,"As an ambivert, I am in the process of enjoying my own isolation. Like, an introverted soul literally is in control of my body."
"abis deeptalk sama sahabat ku dari sd tentang problem crucial age masing-masing , intinya jalanin aja bro , gak ada problem solving yang pasti . biar kehendak tuhan aja yang ngatur",Positif,"I have to talk to my best friend from school about the important problems of each age , intinya jalanin aja bro , no problem solving yang pasti ."
"is that even a minus? i mean, we can ruin the multiverse together.",Netral,"I mean, we could destroy the multiverse together."
going into new year with your lifetime support system :white_heart: @ leuweung geledegan ecolodge bogor,Positif,You are the only one who can do this.
cuancuancuan gada cuticuticuti sebuah relatable kehidupan usia 22keatas wkwkwkwkwkwkwkwk,Negatif,How to get a life related to age 22
kenapa si kalo setiap habis overthinking langsung jerawatan,Negatif,Why if everyone has thought excessive immediately jerawatan
"dulu sd, smp gapernah punya temen yg ampe bestie banget gitu, bener2 gapunya. ampe akhirnya smk ketemu mereka dan yaaa bener2 nyaman dan sebahagia itu. pertama kali ngerasain punya temen yang bener2 berhasil bikin aku ga pingin ninggalin sidoarjo, ya mereka ini.",Positif,"First time I ever had a friend who was really good, I didn't want to leave my job, yeah they did this."
"wah ada yg habis ganti bio tadinya bio nya ""no salty"" terus abis itu dia sendiri ngesalty wkwkw spill gak nih? macem2 sama gemini:zany_face::smiling_face_with_horns:",Negatif,"I'm not a ""white"" person, but I'm a ""white"" person."
"dulu belum knal pengen tau,kepo,pengen memiliki...sekarang udah dapet..di sia siain..dasar:grinning_face_with_sweat:",Negatif,I don't know what to do. I don't know what to do.
yang ga paham apa-apa nilainya bagus. giliran yang paham banget sampai detail-detailnya malah dapet ga sesuai harapan... ah i don't know how to face and describe this semester actually..,Negatif,Yang ga ga-fa-fa-fa-fa-fa-fa-fa-fa-fa-fa-fa-fa-fa-fa-fa-fa-fa-fa-fa-fa-fa-fa-fa-fa-fa-fa-fa-fa-fa-fa-fa-fa-fa-fa-fa-fa-fa-fa-fa-fa-fa-fa-fa-fa-fa-fa-fa-fa-fa-fa-fa-fa-fa-fa-fa-fa-fa-fa-fa-fa-fa-fa-fa-fa-fa-fa-fa-fa-fa-fa-fa-fa-fa-fa-fa-fa-fa-fa-fa-fa-fa-fa-fa-fa-fa-fa-fa-fa-fa-fa-fa-fa-fa-fa-fa-fa-fa-
"selalu berupaya menjadi support system untuk orang lain, tp gakbsa nolongin diri sendiri kalo lg stress.. pada akhirnya badan drop gak karuan.. payah sekali aku :upside-down_face:",Negatif,"I always try to be a support system for others, but I can't manage myself if I'm stressed... finally the body comes down from the work..."
99's bestie :smiling_face_with_heart-eyes:,Positif,99's best friend: smiley-senyum with mata-hati:
he's always reminds me that i'm pretty all the time even me without make up:slightly_frowning_face::growing_heart:,Positif,She always reminds me that I am beautiful all the time even without makeup.
tunggu aku kumpul bukti dulu baru aku spill akun angel yang aku maksud sebagai 'cepu' harap bersabar sayang biar kagak jadi fitnah... selamat malam :smiling_face_with_open_hands:,Negatif,"I'm talking about an angel yang I mean as a ""cepu"" hope you can take it easy dear don't be a fitnah... good night:"
"these people actually exist; is literally at brunch in her profile pic...as long as things are polite, bombs away!",Netral,"Orang-orang is really there, literally in the photo profile... during hal-hal yang sopan, bom jauh!"
suka denial kalau ternyata preferensi warna gw itu pink :backhand_index_pointing_right_light_skin_tone::backhand_index_pointing_left_light_skin_tone:,Negatif,They are not the same as the other two.
"sebenernya pengen healing tadinya menjelang taun baru, tp diajak sahabat ma couple nya buat dinner, mu nolak ga enak, jd ya skip staycation di ubud nya, besok2 aja deh",Positif,"I'm going to make a few new meals, but I'm going to skip the holiday in ubud nya, tomorrow."
hahahihi bestie kintil,Negatif,hahahihi bestie kintil
"potret keseruan personel polri saat menggelar kegiatan trauma healing untuk anak-anak di pesisir pantai samas, kabupaten bantul, provinsi diy. wujud kepedulian bersama",Positif,"Portrait of the personnel of the Polri while engaged in trauma rehabilitation activities for children in Pesisir pantai samas, kabupaten bantul, province diy."
bestie lagi pada apa nih?,Netral,The beast again on the bottom?
even people here in indonesia loves :hibiscus:,Positif,Even orang di Indonesia likes: hibiskus:
jadi overthinking grgr komen temen yg agak nyesek. ya namanya firasat org lain berbeda tapi ga harus lah ya ngomong kaya gitu direct ke aku. doain aja yg terbaik bisa kan… yg terlihat pasti aja belum tentu akhirnya sama. jalanin sesuai kata hati dan apa yg ada didepan :winking_face:,Negatif,So too thinking grgr komen temen yang agak nyesek. ya name firasat org lain beda tapi ga harus lah ya ngomong kaya gitu langsung ke aku. lakukan aja yang terbaik bisa kan... yang terlihat pasti aja belum tentu akhirnya sama. jalanin sesuai kata hati dan apa yang ada didepan:
"cerita hidupku di bikin novel aja trus tukunen, timbang kepo terus urusan privacy ku",Negatif,"Kisah hidupku di bikin novel aja trus tukunen, weighing kepo on my privacy"
bestie katanya,Netral,The beast says
spill **** sifat kamu yang pengen bangen diuninstall..,Netral,I swear that sifat kamu yang pengen bangen is installed..
"tp memang itzy lebih prefer sama warna warna cerah sih, dark dark gini kek gimana gtu",Negatif,But they like me better than the color of the sky.
too early morning for healing. :sparkles:,Positif,It's too early to say.
"i know i'll never vote for dems/repubes ever again. at this point, anyone whom still does is insane. literally the definition of insanity: attempting the same failed mistakes (voting red/blue) &amp; expecting different results.",Negatif,"I know I will never do anything wrong for dems / repubs again. At this moment, whoever is still doing it is crazy."
setelah hapus no nya tenang sihh ngga kepo scroll kebawah wkwk,Positif,"After I quit, I'm not going to be quiet."
kalo liat panda suka bingung. mereka tuh masih masuk dalam famili ursidae (beruang) tapi kelakuannya kek bocah dan bentuk gemesin. padahal mereka literally punya kekuatan yang bisa bunuh orang dewasa.,Netral,If you look at the pandas they are confused. They are still in the family ursidae (beruang) but they do not have cake children and form gemesin.
lagi nunggu update soal berita arya saloka selingkuh sama amanda manopo :grinning_face_with_sweat: ga penting bgt tapi kepo anjjr,Negatif,I'm still waiting for the update on the news.
dinotice crush :backhand_index_pointing_right::backhand_index_pointing_left: from this to this,Netral,The following is the list of the countries of the European Union:
ada orang healing ke puncak aja udah aneh :face_with_tears_of_joy:,Negatif,There are orang-orang yangs on the top of the mountain.
21stjunecountdown literally got me like a clown :clown_face::clown_face::clown_face::clown_face:,Negatif,June 21st Countdown really makes me look like a clown:
"kalo diperlakukan dengan buruk, bakalan ada thread spall spill anu kecil lagi.",Negatif,"If I'm treated badly, I'll have a spall thread I'll be spitting on my little kid again."
merasa bersalah ama jadi overthinking :tired_face:,Negatif,I feel guilty but I think too much.
"take a break for tonight, there is a tomorrow where you will be slaughtered by the reality of life which is full of theatrics. ( ""istirahatlah untuk malam ini, ada hari esok dimana kamu akan dibantai oleh kenyataan hidup yang penuh dengan sandiwara."" )",Negatif,"Rest for this night, there is a day where tomorrow you will be blessed by the reality of living yang penuh dengan sandiwara."
"i wish that i have a superb january, a dazzlin' february, an anxiety free march, a peaceful april, a sensational may, and joy that keeps goin' from june to november, then round off with an upbeat december! happy new year, 2021 :fireworks::sparkler:",Positif,"I wish I had a January yang luar biasa, February yang mempesona, Maret bebas kecemasan, April yang damai, Mei yang sensational, dan sukacita yang terus berjalan dari Juni hingga November, kemudian berakhir dengan Desember yang optimis!"
makan dulu bestie... biar bisa ee,Netral,Eat dulu bestie... let it be
healing :relieved_face: :red_heart: @ grand puri water park,Positif,######################################################################################################################################################################################################
ini gaada yg ngajak gw staycation gtu:loudly_crying_face:,Negatif,I'm going to stay here.
"even though you hurt me, i still find ways to be with you",Positif,"Even though you hurt me, I still find a way to be with you"
staycation,Netral,place of residence
mau nyari support system dimana si,Netral,I want to find a support system where you are
that's true. i'm in quarantine for having covid &amp; these problems &amp; dramas are slowly taking toll on me too. i just hope we get enough awareness around the world. #에이티즈해적왕이지도를뺏겼어요 해명해_사과해_인정,Negatif,I'm in quarantine because I have COVID &amp; problems &amp; drama this is slowly taking over my game. I just hope we get enough awareness from the whole world. #ēiiti즈해적왕이지도를 빼앗겼습니다 해명해_사과해_인정해
"welcome march, the 3rd month of this year. can't hardly wait for your surprises! while outside is raining cats and dogs. :orange_heart:",Positif,"Happy March, third month of this year. Can't wait for your birthday!"
"kesini cuma karna ngincer sesuatu sbelum kehabisan, karna kata mall sebelumnya stoknya tersedia di sini. i'm a go-getter, it annoys me sometimes if i still couldn't get a thing that surely i still can afford. trus dpt lg yg lain yg lg promo.. mayan, rejeki anak baik kali ya..:folded_hands_light_skin_tone::blue_heart:",Positif,"I'm a go-getter, it's a member of me sometimes if I'm still not able to get something I'm still capable of."
"dulu tuh g trllu kepo sama skz, tau skz cma g knl smua memb nya, cm knl aussie line doang. terus suatu hari bertepatan sm keluarny mv miroh, ak lagi bosen cari deh tu vid vid di yt, trus mv miroh muncul di beranda, trus penasaran, akhirnya ak tonton &amp; nyantol jd stay smpe skrng.",Positif,"We may not be able to do so, but we can do so, and we can do so, and we can do so, and we can do so, and we can do so, and we can do so, and we can do so, and we can do so, and we can do so, and we can do so, and we can do so, and we can do so, and we can do so, and we can do so, and we can do so, and we can do so, and we can do so, and we can do so, and we can do so, and we can do so, and we can do so, and we can do so, and we can do so, and we can do so, and we can do so, and we can do so, and we can do so, and we can do so, and we can do so, and we can do so, and we can do so, and we can"
"hmm, i think i have to rework the way i respond to rejections. even a little hesitation can disrupt my peace? that's overwhelming and super unnecessary.",Negatif,I think I should fix my way of responding to penalties. Even a little doubt can bother my family.
"jadi jurnal unsud ini gada layouternya, langsung ngeditnya di halaman layoutnya (bentuknya a4 si), nah terbitan pertama april kan, like literally barusan aku sm pimrednya ""mengunggah"" artikel terakhir buat edisi 1. deadline is our best friend :handshake::handshake:",Positif,"So journal unsud ini gada layouternya, direct ngeditnya di halaman layoutnya (bentuknya a4 si), nah terbitan pertama april kan, seperti secara harfiah baruusan aku sm pimrednya ""mengunggah"" artikel terakhir buat edisi 1. deadline adalah sahabat kita:"
how would that even work lol,Negatif,How could it work lol
"percaya deh,ketika dia memang lelaki yg serius dan sungguh2 berkomitmen dia akan benar2 siap menerima kelebihan dan kekurangan kita. apapun itu kelebihan dan kekurangan kita.",Positif,"I believe, when he is a serious man and commits he will be really ready to accept our excesses and shortcomings."
"sudah 2 hari overwhelmed dengan informasi dari luar. bukan bikin semangat insecure iya, kata² ""lo harusnya!"" ""lo jangan gitu lah!"" ""lo gaboleh gitu"" semua katanya manipulatif supaya gue ikut saran semua orang capek beban pikir.",Negatif,"I've been busy for two days with information from outside. I'm not doing anything. I'm not saying ""you should be doing this!"""
"some people have no idea how embarrassing and cringe the slogan is... only to be so proud shouting it, even at their events. it is like an admission and support for kleptocracy and corruption. malu apa? bosskurap.",Negatif,"Some people don't know how much I remember and remember the slogan it is... just to be so proud of the men's rights, even on their show."
this is going to be a mouthwatering season involving liverpool and mancity. will it be down to which club more at a disadvantage due to world cup?,Netral,Will this be a season that involves Liverpool and ManCity?
"well i am grateful being ""still"" alive and still on track for my study even so many obstacles and drama like riding a rollercoaster....and tomorrow i hope i get a good news",Positif,I'm thankful I'm still alive and I'm still on the path to learning even though there are so many obstacles and drama like going up rollercoaster....and tomorrow I hope I get a good news
"kalo ngomongin kebaikan mereka, mereka lebih baik dr apapun. dah gatau lg kalo ga ada mereka taun ini udah ambyarr:broken_heart: thankyouuu bestie(s), yall the beeeesttt in 2021:red_heart::red_heart:",Positif,"If we talk about their goodness, they're better than anything."
pagi bestie :smiling_face_with_hearts:,Positif,I'm not sure.
"sering banget menertawakan pikiran sendiri , memarahi pikiran sendiri. kurang lebih yaa seperti orang gila sii marah², ketawa² sendiri, tapi yaaa menurut ku healing dari keruwetan pikiran salah satunya ya itu . asiik banget dapet berbincang dengan diri sendiri itu.",Positif,"I often get very funny in my own mind, I get crazy in my own mind. It's more like crazy if you get angry, but yeah I think I get rid of my thoughts and I think it's one of them."
my other personality just now blocked my very first crush from mid school like lol bye **** :waving_hand_light_skin_tone:,Negatif,My personality is that of someone else who has just blocked my first love from high school.
sik ujan padahal rumah bestie ku dkt dri rumah ku:grinning_face_with_big_eyes:,Netral,"When it rains, the best house is my house."
mikirin&gt;overthinking&gt;ga tidur~,Negatif,I think I'm going to sleep too much.
"although i prefer psg or madrid to win champions league, i can see there's silver lining if city ended up winning this elusive trophy: pep will feel content, and hopefully complete his mission there.the guy is bloody genius. not good for us :grinning_face_with_sweat:",Positif,"Although I prefer PSG or Madrid to win the Champions League, I can see a silver lining if City ends up winning trophies."
mo nanges gue beli ginian. for me it's pricey but for some people is quite affordable. actually i can afford it but i have to save my **** money first just to buy this perfume. untungnya buy 1 get 1 free jadi ngga terlalu nyesek deh yaak.,Negatif,I need to buy my parents. Give me expensive but give some people quite affordable. Actually I can afford but I have to save my money first way to buy this perfume.
p need bestie,Netral,I need a best
akhir tahun ini ditutup dengan deep talk:full_moon_face:,Netral,This year's final round is closed with a deep talk: full moon face:
"abis deep talk sm abri soal inves, yaa allah tergiur. daripada lari ke album sm kertas ganteng kan yaaa???",Netral,I'm not sure if I'm going to be able to do this.
"hp udah ditaroh biar bisa cepet tidur, eh kok random tiba tiba kepikiran, kuda kenapa harus dikasi tapal kuda dari yg biasanya dari baja? apa ngga sakit? apa ngga risih? nempelinnya pake apa? dipaku? di lem? ampe setengah jam gajadi tidur malah kepo. trus akhirnya searching",Negatif,"I'm not sure why I should be sleeping so fast, but I'm not sure why I should be sleeping so fast."
reason i am not mad is probably that my whole life i played only mobile games and a lot of it. so this **** basically doesn't get me mad because i only play mobile games that aren't banned here.,Negatif,The reason I'm not angry is probably because all my life I've only played mobile games and a lot of things.
"i will never able to kiss u on ur forhead anymore and i can't even look at you at your last time, im a terible mom but i've doing my best, i love u forever ciki. ur my sweetest anabul i've ever had:sparkling_heart:",Positif,"I won't be able to see you again in front of you and I won't even be able to see you last time, I'm a terrible mom but I'm doing the best, I love you forever."
"healing murah ya,, healing sambil kerja mungkin itu dulu yg bisa di lakukan :wilted_flower:",Positif,"I'm going to make it cheap, I'm going to make it work."
jangan lupa photo jare healing.!!! . . @ photo grafer,Netral,Don't forget to take photos this year.
kadang2 hype nya fujo matiin minat urg yg mau nntn samting yang even i've already know that's sh*it is good... what a turn off :'(,Negatif,Sometimes I get a little hype about my fujo matiin interest urge yang wantnntn something yang even i already know it is sh*t good... apa mati:'(
malem2 overthinking gaenak bgt sumpah,Negatif,I'm not sure I'm gonna make it.
i know it's hard to keep an open heart when even friends seem out to harm you but if you could heal a broken heart wouldn't time be out to charm you sial .. aku terbawa suasana,Negatif,I know it's hard to keep open your heart even when your friends seem to hate you but if you can break your heart there won't be time to keep your heart open
selamat sahur bestie. :drooling_face::drooling_face: sengaja sahur lebih awal biar bisa tidur lebih lama :beaming_face_with_smiling_eyes: :OK_hand: mayan bangun2 subuh.,Netral,Happy sahur bestie. :droling_face::drooling_face: intentionally sahur earlier so I can sleep longer.:beaming_face_with_smile_eyes: :OK_hand: mayan bangun2 pagi.
"wkwkwkwk, not even the slightest attempt to apologize for riding on racist sentiments 5 years ago. what a complete ****. kalo lo baru 5 taun yg lalu doyan nyerempet2 rasisme buat dukung calon lo terus skrg sok2an anti-rasisme at least punya malu dikit kek buat minta maaf :rolling_on_the_floor_laughing:",Negatif,"Wkwkwk, even not a little time ago I tried to apologize for racial feelings 5 years ago."
i was today years old when i found out that wu-tang clan's c.r.e.a.m actually stands for cash rules everything around me.,Netral,I'm only two years old now I know that C.R.E.A.M. Wu-tang clan actually represents the rules of cash around me.
layangan putus worth ga sih buat di tamatin? wkwkwkwk kepo dah,Netral,"Layangan putus tidak layak membuat di tomatin? I mean, what is it?"
open minded,Negatif,I have an open mind
sekarang whatever up to you.,Netral,Now what's the worst for you.
"honestly, i just want to sleep right now",Netral,"Jujur, I just want to sleep now"
manifesting lain kali kalo ke indo konser aja pls:smiling_face_with_tear::palms_up_together_light_skin_tone:,Netral,I'm not sure if I'm going to be able to do this.
mentally exhausted to the point gue nangis perkara hal sepele banget: laundryan kecampur. packing sambil nangis karena ngerasa diri sendiri useless bgt kok bisa-bisanya laundry-annya kecampur.,Negatif,I'm not going to be able to do this.
kepo ****,Netral,I'm not going to be able to get it.
does it make sense that a person can feel this lonely even after meet bunch of people?,Netral,Is it logical that someone might feel lonely even after meeting a bunch of people?
meet up with bestie :smiling_face_with_hearts:,Positif,I'm going to meet you.
"truth is as straight as an arrow, while a lie swivels like a snake....-suzy kassem- . :camera: : nokia 5.4 .",Netral,"The truth is straight like a bow, while the kebohongan is like a snake."
"i believe in you ****, and i'm sure one day i will feel happy again even though i don't know when.",Positif,"I believe in you, and I'm sure one day I'll feel happy again even though I don't know when."
kate hudson stills cries thinking about son ryder being in college: 'it's hard to even talk about' - access,Netral,Kate Hudson is still crying thinking about Ryder being in high school: 'Solut Even To Talk About' - Access
"jangan sok sokan misterius bestie, inget kamu jelek.",Negatif,"Don't be so shy, mystery bestie, inget kamu jelek."
wish list that must be fulfilled within 5 years ahead : 1. punya usaha cafe/rumah makan :hot_beverage::steaming_bowl: 2.punya sanggar senam n gym khusus ciwik:woman_in_lotus_position_medium_skin_tone::woman_lifting_weights_light_skin_tone: 3. punya anak 3 :rolling_on_the_floor_laughing: (suami'y menyusul deh yee bestie rahasia ilahi soalnyahh) 4. keliling pulau jawa minimal:station: 5. pegi umroh lageee dongs:airplane::kaaba:,Positif,List of wishes that should be fulfilled in time 5 years to come: 1. have a business cafe/rumah makan: hot_drinking:: steaming_bowl: 2.punya sanggar senam n gym special ciwik:woman_in_lotus_position_medium_skin_tone::woman_lifting_weights_light_skin_tone: 3. have a child 3 :rolling_on_the_floor_laughing: (suami'y'y menyusul deh deh bestie ilahi ihh) 4. keliling pulau jawa:station: 5. go to minimum umrohee dongs: plane::kaaba:
apakah sopan buka spt orang terus di spill ke twitter? engga lah!!,Negatif,Do you want to go to Spt Orang to keep spreading on Twitter?
"manusia-manusia mungkin sudah pada tertidur nyenyak gue masih overthinking aja sama masalah ""pekerjaan"".",Negatif,"Man-manusia may already be on the third floor. I'm still thinking too much about my problem of ""work""."
"daripada bosen di kereta, coba spill ig-mu deh kita mutualan, cepet ya. msh 3 jam lagi nih",Netral,"Instead of being in the car, try to fuck off with each other, quick ya."
"a woman who is being treated in the patient's room inside the hospital, even smokes. is that woman going to die quickly because while smoking cigarettes she suffers so much pain!?:no_smoking::skull_and_crossbones::hospital:",Negatif,"A woman who is in the hospital room is a patient in a hospital, even smoking. Is a woman going to die quickly because she smokes?"
last day in 2020 and i feel so grateful coz i spend this precious year with n army all around the world i love you so much guys thank you for accepting me :purple_heart::purple_heart::purple_heart::purple_heart::purple_heart::purple_heart::purple_heart::purple_heart::purple_heart::purple_heart::purple_heart::purple_heart::purple_heart::purple_heart::purple_heart::purple_heart::purple_heart::purple_heart::purple_heart::purple_heart::purple_heart::purple_heart::purple_heart::purple_heart::purple_heart::purple_heart::purple_heart::purple_heart::purple_heart::purple_heart::purple_heart::purple_heart::purple_heart::purple_heart::purple_heart::purple_heart:,Positif,Last day of the year 2020 and I feel very grateful because I spent this precious year with the army of the whole world I am very much in love with you guys thank you have accepted me::purple_heart::purple_heart::purple_heart::purple_heart::purple_heart::purple_heart::purple_heart::purple_heart::purple_heart::purple_heart::purple_heart::purple_heart::purple_heart::purple_heart::purple_heart::purple_heart::purple_heart::purple_heart::purple_heart::purple_heart::purple_heart::purple_heart::purple_heart::purple_heart::purple_heart::purple_heart::pur
2020 ? january - february - corona - married - december always be grateful even though there are many delays :sparkles:,Positif,January - February - Corona - menikah - Desember always grateful though there are many penundaan:
udah seneng dpt gladiator. tp stat awalnya healing bonus moonton anjing,Negatif,I'm already happy to be a gladiator.
suka banget overthinking :) di malem hari,Negatif,They think too much.
susah bgt percaya lg sama org yg udh bikin kecewa + trust issues gue gede bgt yaallah suudzon mulu sm org org:face_with_medical_mask:,Negatif,Hard to believe in my own people who are already disappointed + problem of faith in me greatly bgt yaallah suudzon mulu sm org:face_with_medical_mask:
"mau tidur jd susah gegara ga angkat tlpon &amp; chat ""bantuin dong"" kan overthinking ini org kenapaa yak :smiling_face_with_tear:nangisss deh akuuu yawohh",Negatif,"Mau tidur jd susah gegara ga angkat tlpon &amp; chat ""bantuin dong"" kan terlalu memikirkan ini org kenapaa yak:smiling_face_with_tear:nangisss deh akuuu yawohh"
(probably) last sahoor me only with batagor :rolling_on_the_floor_laughing:,Netral,(maybe) last time I heard my life with batagor:
"overthinking memikirkan duit yg gk habis².. ya gimana gk habis, duit ge kadit ada ngehe",Negatif,I'm not sure how much money I have.
"yang banyak dibilang orang ""bagus dari segi manapun..."" ya gatau kan kalo dibalik itu ternyata suka gaslighting?",Negatif,"Yang banyak mengatakan orang ""bagus dari segi manapun""... Ya gatau kan kalo dibalik itu ternyata seperti gaslighting?"
dunno if it actually solved anything but i am now lying on the floor,Negatif,I don't know if it's really solving something but I'm now lying on the floor
oh my **** this is a serious seismic turn of cultural events and i'm not even employing my usual unrestrained hyperbole,Netral,"Oh, this is a serious seismic change from cultural events and I'm not even using hyperbola to control what I'm doing."
"aku kepo, tapi aku tahan. biar cepet lupa, nanti lama2 juga biasa:smiling_face_with_tear:",Netral,I'm not going to be able to do it.
"enjoying my healing stay in , gorgeously designed by - communal area at night @ sukasantai farmstay",Positif,"Enjoy the care of my family, beautifully designed by the local community of malam hari @ sukasantai farmstay"
"i launched multiple random ideas before landing on bannerbear. if i could do it all over, i would focus on a theme/specialization and launch ideas around it. for me, everything changed when i figured out what i was interested in, and just kept pulling that thread.",Positif,"I've launched a few ideas before I started doing it again. If I can do it again, I'll focus on the theme/specialization and launch ideas about it."
literally,Netral,by the way
menghabiskan malam dengan overthinking,Negatif,Spending the night thinking too much
"ngoceh mulu, bantuin kek admin sebelah ~ daripada gabut. literally gabut dan kondisi ini akan berlangsung 3/4thn lg? oh wow.",Negatif,"Ngoceh mulu, help in admin cake sebelah ~ ~ daripada gabut. literally gabut dan condition this will last 3/4 lg? oh wow."
staycation di cancel wew,Negatif,staycation in the membatalkan wew
"i'm sorry to say as a swiffers, but actually positions has both while folklore opening and closing (non deluxe version) kinda sucks",Negatif,"Sorry to say as swiffers, but actually position have both while folklore opens and closes (version non-deluxe) a bit difficult"
we have been invited to a virtual wedding in klungkung this afternoon which is a first for me and a very good idea in these times of covid!,Positif,We have been invited to a virtual wedding in Klungkung sore this is the first time for me and my idea is very good in this COVID-mass!
me with my ex high school crush,Netral,I'm with my ex-girlfriend at high school
"page page ndasmuu. tetap aja aktifitas ku tiap hari ""overthinking"".",Negatif,I'm not going to say anything.
kangen crush guwe lah bukan mantan!,Netral,I'm not a former.
ain't gonna live foreverjust want to live while aliveso long and good night @ hara,Netral,I won't live forever just want to live forever so long and good
healing guys ehe,Positif,I'm going to go and get some oranges.
"hallo gengs perkenalkan nama gw anwar . gw contet creator asal bogor dan gw biasanya sharing tentang hobby gw traveling,dari sharing tentang destinasi wisata,kuliner sampai tempat staycation dan hidden gems . biasanya gw share di akun salam kenal :raising_hands:",Netral,"Hello friends, I was introduced to you. I am a content creator from Bogor and I usually share about my hobbies traveling, from sharing about my travel destinations, culinary to places of residence and hidden treasures."
"siapa sih yang gak suka dengan buah ini, hampir semua orang suka buah ini dan paliang banyak di daerah kota medan, pasti termasuk kamukan bestie ?",Positif,"Who the hell doesn't like this fruit, almost everyone likes this fruit and many who live in the area of Kota medan, must include kamukan bestie?"
aku mah santuy aj,Positif,I am not a saint
"kemaren ngebet banget pen pacaran sama crush,giliran udah pacran malah pengen cepet² putus",Negatif,"Kemaren ngebet banget pen pacaran sama crush,giliran udah pacran malah pengen cepet2 putus"
"kalo dlu suka kena bohongin jadi suka parnoan sendiri, bukannya ngak percayaan cuma skrng jd lebih hati2, untng km orngnya santuy jawab semua pertanyaan aku ngak marah, perlahan tp pasti rasa parnoan ini akan sembuh, bersabarlah ... terimakasih sudah mau mengerti diriku",Positif,"If I like to get bohongin so I like to parnoan myself, instead of ngak believean cuma sekarang jd lebih hati2, untng km orngnya santuy jawab semua pertanyaanku ngak marah, perlahan tp pasti rasa parnoan ini akan sembuh, bersabarlah... terimakasih sudah mau mengerti diriku"
"you had a bad day you're taking one down you sing a sad song just to turn it around you say you don't know you tell me, don't lie you work at a smile, and you go for a ride you had a bad day the camera don't lie you're coming back down and you really don't mind you had a bad day",Negatif,"You have a bad day you take one down you know a sad song only to change it you say you don't know you tell me don't lie you work on a smile, and you go on a journey you have a bad day camera don't lie you go back down and you really don't have a bad day you have a bad day"
"waktunya refreshing, ya gpp sih walaupun cuma staycation doank wkwk",Positif,"It's time to get married, yeah, even if I'm just staying on vacation, I'm not going to get married"
"skrg lg ovt nder, mau nyari sugdad apa jd mermeid atau jd ikan koi atau bs aja jd pasangannya mafia??? ikutin alur aja nder :) jgn dipaksain, untuk org yg pnya jiwa ""ambis"" lumayan gede, jujurly gak mau terlalu gimana2 soalnya kl gagal gua bs gila sendiri :""",Negatif,"Now lg ovt dalam, want to get sugdad apa jd mermeid or jd ikan koi or bs aja jd pasangannya mafia??? ikutin alur aja dalam :) don't be compelled, for org yang pnya jiwa ""ambis"" lumayan gede, jujur gak mau terlalu gimana2 soalnya kl gagal gua bs gila sendiri :"""
"ada orang suka anxiety, sering overthinking, suka galau dan mencemaskan hidup yang berlebihan. kira2 bagaimana hubungan orang tersebut dengan tuhannya ?",Negatif,I'm not sure what I'm saying.
"gapernah nyesal dulu suka banget sama 1d, dan sekarang aku bersyukur bgt bisa kenal bangtan as my support system &amp; the only one i stan now :red_heart:",Positif,"Gapernah Nyesal dulu suka banget sama 1d, dan sekarang aku bersyukur bgt bisa kenal bangtan sebagai sistem dukungan ku &amp; the only yang ku berdiri sekarang: red_heart:"
honestly sometimes my life is like a lot of people who don't want me to be a programmer.,Negatif,Honestly sometimes my life is like many orang yang don't want me to be a programmer.
"kadang bingung aja, gimana ya caranya org bisa anggap org lain bestie nya ketika baru kenal beberapa bulan atau setahunan gitu. sedangkan aku aja kadang masih sering ragu apakah bestie ku skrg itu benar benar bestie? meskipun sudah kenal beberapa tahun bahkan diatas 5 tahun",Negatif,"Sometimes I'm confused, how can people consider others as best friends after only knowing a few months or a year like that. Whereas I'm still sometimes in doubt if my best friend is really best?"
"staying quite doesnt mean i have nothing to say, it means i dont think you are ready to hear my thoughts. i prefer talk to the mother nature @ broken beach nusa penida",Positif,I don't think you're ready to hear my thoughts. I like to talk to my mom.
beautiful-crush (goblin ost cover) i sing this song especially for kim taehyung :face_with_hand_over_mouth: i miss you v :purple_heart: 사랑해 :purple_heart: #방탄소년단,Positif,I remember this song especially for Kim Taehyung: wajah_dengan_tangan_atas_ mulut: aku merindukanmu v: purple_heart: 사랑해: purple_heart: #방탄소년단
"may peace fills all the empty spaces around us, may happiness answers all our wishes this year. wishing islamic hijri new year. @ millennia world school",Positif,"May peace fill all the empty space around us, may happiness fulfill all our wishes this year."
don't run around in my mind for a second,Negatif,Don't be in my head for a second.
"welcome august! it's feel same, nobody care, no have crush, nothing moodbooster, nothing else! never mind, i don't need them. i just want be a rich person and buy anything what i want.",Negatif,"It's like, nothing matters, nothing makes you feel better, nothing makes you feel better."
gak ada yang spill sedikit apa..ntar bakal gimana?? pusing sing sepanjang hari ot mulu..,Negatif,I'm not going to miss you all day long.
when u are a foodie yet you were too **** last night (and threw up 3x this morning) even desirable lunch made you afraid to eat more because you are sooooo afraid of throwing up again.,Negatif,When you're a foodie but you're too **** malam tadi (and vomit 3x this morning) even eating siang yang diinginkan makes you afraid to eat more because you're so scared to vomit again.
sexist joke is not a joke. sungguh perilaku memalukan dan menggambarkan betapa dangkalnya isi otak.,Negatif,That's not a joke.
"salah banget lagi isoman bareng bapak ibuk, terus baca tweet ttg keluarga yg ditinggalkan ke surga akibat covid19. **** aku jadi overthinking!",Negatif,"Salah banget lagi Isoman bersama bapak ibuk, keep reading tweet about the family that was left in heaven as a result of covid19. **** I'm so too thinking!"
jealousy kills bestie lol just a reminder,Negatif,Cemburu kills the best lol only pengingat
"fomo gegara gk tahu trend di apk tt :"" apakah ini saatnya ku harus membuat dan goyang - goyang???",Netral,"Fomo gegara gk tahu tren di apk tt :"" Is this the time I have to make dan goyang - goyang???"
healing. (2),Netral,the use of the product.
engga suka kalo lagi overthinking gini:pleading_face::pleading_face:,Negatif,I don't like it any more than I think.
"liat arsipan 2021 banyak bgt yg bikin nangis sampe cape,dan ternyata aku bisa lewatin itu semua,2021 is a **** ****,udah dibikin hancur,gila,remuk,depresi,anxiety,cape.",Negatif,"See Arsipan 2021 a lot of people who are crying until they get to the top, and it turns out I can get through it all,2021 is a **** ****,udah dibikin hancur,gila,remuk,depression,keprihatinan,ke atas."
you are the most popular in my head. even when i sleep i keep my head busy with you. because you always stop in my dreams. you are like an active cell in my brain which never stops here and there.,Positif,You are the most popular thing in my head. Even when I sleep I keep my head busy with you. Because you always stop dreaming of you. You are like an active cell in my brain that never stops here and there.
ke bali kok healing? ya motoranlah,Positif,Are you going to make me feel better?
"hahahaha, the audacity they have for saying wave is unpopular when it literally won m countdown &amp; the show plus soribada best performance (even i was not an official atiny back then, i knew wave was one of the 'it' summer songs back then!) #에이티즈",Negatif,"hahahaha, keberanian mereka untuk mengatakan gelombang tidak populer ketika itu benar-benar memenangkan m Countdown &amp; show ditambah soribada terbaik kinerja (bahkan saya tidak resmi Atiny pada saat itu, saya tahu gelombang adalah salah satu 'itu' lagu musim panas pada saat itu!) #에이티즈"
staycation ke mana ya enaknya,Netral,Staycation ke mana ya enaknya
kuy kapan nih?abis lebaran dah biar santuy,Netral,I'm already a little bit too busy to let Sanctuary go.
"deep session &amp; deep talk @ jakarta, indonesia",Netral,"The first is the ""Seni Deep &amp; Deep Talk"" @ jakarta, Indonesia"
"akhirnyaa active ig, setelah sebulan lebih off. wkwk kepo sama kehidupan org org :rolling_on_the_floor_laughing:",Positif,"I'm finally active, after a month."
"amber's lawyers hired to say hearsay all the time :rolling_on_the_floor_laughing:, even when he's the one who asked a question! what a clown!",Negatif,"Pengacara Amber disewa to say rumor all the time: ""Rolling_on_the_floor_laughing"", even when she yang poses a question!"
para asistenku.. :rolling_on_the_floor_laughing::face_with_hand_over_mouth: :growing_heart: @ dimana mana hatiku senang,Positif,Para asistenku..:rolling_on_the_floor_laughing::face_with_hand_over_mouth: :growing_heart: @ dimana mana hatiku senang
staycation~,Netral,Staying
"yaallah kembalikanlah sikap santuy dan berpikir positif ku dulu, saia ingin menerapkanya kembali :crying_face:",Negatif,"Yaallah, I want to return to the attitude of the holy and think positively first, I want to implement it again:"
"hi bestie yuk! berlangganan sekarang dan dapetin diskon biaya pemasangan 70%, dengan kecepatan internet super cepat up to 40 mbps, bebas akses disney+ hotstar dan bonus 1 bulan berlangganan.",Netral,"Hi friends! subscription now and get a discount on the cost of subscription 70%, with internet speed super fast up to 40 Mbps, free access to Disney+ Hotstar and bonus 1 month subscription."
jujurly aku apa2 udah ketergantungan sm kamu si,Netral,Jujur aku sudah ketergantungan sm kamu si
this is interesting esp. with the part that saying enfp sometimes will focus more on the other person they talked to. i notice it with my infp bestie. but she's a great storyteller tho so u cant help but listening to her stories :beaming_face_with_smiling_eyes:,Positif,I'm interested in my infp. but he is a great storyteller so you can't help but listen to the story:
bete bgt bestie,Negatif,- I'm not going to.
"this is epic, they lost the aegis but still can wipe out the opponent team humblegod surely a humblegod",Positif,"I'm an epic, they've lost their egos but they can still destroy Tim Lwanegod Humlegod Past Humlegod"
"thank you izone for your struggles for 2, 5 years:smiling_face_with_smiling_eyes:wizone hope izone always supports each other even though they have separated:smiling_face_with_open_hands::pleading_face:",Positif,Thank you for your struggle for 2.5 years: smiling_face_with_smiling_eyes: widow hope izone always supports one sama lain even though they have been separated: smiling_face_with_open_hands:: pleading_face:
"i think, when you truly love something, you put them first before yourself. this morning, when i woke up, i feed my fish, and change the water. while me, i don't even drink water when i do that.",Positif,"I think, when you really love something, you put them in front of yourself this morning, when I wake up, I feed you ikanku, and change the air."
koko bobo santuy @ taman permata cikarang,Netral,Koko bobo santuy @ taman permata cikarang
"sunflower blossom in my garden, my sun tracking device finally show its beauty. its called “sunrise”, because bright yellow color and bring good mood for people around. happy friday everyone.",Positif,"I'm a little bit worried about the sunrise, but I'm not sure if it's a good day."
"so i lay a dozen roses for the lover that i've lost i stand by all my choices, even though i paid the cost :loudly_crying_face:",Negatif,"So I put a few roses for my loved ones I lost I stand for all my choices, even though I pay the cost:"
goals: menyelesaikan shor tail sampling hari ini. demi kenyamanan dan keamanan staycation ku besok:raised_fist_light_skin_tone:,Positif,The aim is to complete the sampling on the beach today.
"what do you think? ? the next problem for btc is fee, that's why i prefer eth than btc in my portofolio",Netral,"What are you thinking? The next problem for BTC is the cost, which is why I prefer Eth to BTC in my portfolio"
ini moots minta di follow tp gk follback ada masalah apasi bestie sini cerita,Netral,I'm going to follow you. I'm going to follow you.
"setelah semua rutinitas itu, it's time for self healing :collision:",Positif,"After all the routines, it's time to make a decision."
"ibuk penjual soto lamongan dah pamit mo mudik seminggu beserta bestie"" warung pecel lele lamongan lainny. survive indomie dan sarden.",Netral,I'm going to go back to the hotel and have a nice dinner.
kumat overthinking,Negatif,I think it's too much
bsa buat suguhan pas hari lebaran nnt bestie.. mau lbh bnyak tnggal tambah baso mentah atw bsa jga pnya daging lebaran bnyak d tambahin tnggal naro mangkok dan krupuk jdi deh hidangan buat obat sakit kepala wkwkwkk:face_savoring_food:,Netral,I'm not sure if I'm going to make any more meat than I'm going to make any more meat.
kena php di jkt udah biasa... kena php di lombok dooongg.. auto staycation sendirian,Negatif,I have to go to Lombok to stay alone.
"pengalaman mudik di klaten ini kebutuhan listrik malam cuma lampu-lampu dan elektronik kecil saja. klo pake plts enak bgt. keluarga besar ndak tau aku tukang masangin plts, gak ada yang kepo nanya kerjaan yang penting sodara pada kumpul. tenang banget dah..",Positif,I have a lot of experience in the classroom. I need electricity. I just need a light bulb and a little electronics.
"bismillahirrahmanirrahim pengen ki' yang nyaman dan aman? tenang ki' bestie percayakan selalu kebutuhan ta' dengan sales resmi toyota, segera klik untuk diskusi kebutuhan ta' sekarang juga bersama alam toyota_mo andalang na daya:smiling_face_with_sunglasses::smiling_face_with_sunglasses:",Netral,I'm so happy that I'm here to help you. I'm so happy that I'm here to help you.
i actually like this,Positif,I really like this.
"malu gaksi kalo tb tb ketemu crush :""",Negatif,I'm not sure if I'm going to be able to do it.
"i like it. i somehow found myself asking this question a lot, so perhaps this is a good rule of thumb for pm to also **** on whether they are working on tech company product or not. (this might implicates how much impact you can bring to the company)",Positif,"I like it. I don't know how to find myself asking myself this question a lot, so maybe this is a good rule of thumb for PM for also **** if they work on the product of the company technology or not. (I might remember how much impact you can bring to the company)"
"kadang kesel sama diri sendiri, kenapa overthinking banget jadi manusia. padahal orang lain liatnya kek ""heleh gitu doang"" tapi akunya bisa kepikiran berharihari. kan sangat amat tidak menyenangkan:upside-down_face:",Negatif,"Sometimes I feel sad about myself, why too much to think about being human. While other people see it as a ""heleh gitu berdoa"" cake but I can think about it."
coba deh spill di sini fase stelah nikah muda,Netral,Try to get rid of this phase stelah nikah muda
white koffie karena actually bikin perih di lambung,Negatif,I'm not sure why.
dari akun ini not even to ugliest woman in usa you will touch for real weirdos like you all will just underground forever with fake touch screen marriage and an old grandmother for real marriage together with some men in cult,Netral,From this account even to the worst woman in the United States You will touch for a real strange like you all will live underground forever with a fake screen wedding and your grandmother for a real wedding with some men in the cult
healing dl dr deadline :smiling_face_with_smiling_eyes: @ film di cinemaxx q mall banjarbaru,Positif,Healing dl dr deadline: smiling_face_with_smiley_eyes: @ film di cinemaxx q mall banjarbaru
finallyyyyyyy:black_heart::black_heart::black_heart::smiling_face_with_hearts::smiling_face_with_hearts::smiling_face_with_hearts::smiling_face_with_hearts: whatever about awards. i just looking ggone post soooo beautiful:black_heart::black_heart::smiling_face_with_hearts::smiling_face_with_hearts::loudly_crying_face:,Positif,finalnyayyyyyy:black_heart::black_heart::black_heart::smiling_face_with_hearts::smiling_face_with_hearts::smiling_face_with_hearts::smiling_face_with_hearts::smiling_face_with_hearts::smiling_face_with_hearts::smiling_face_with_hearts::smiling_face_with_hearts::smiling_face_with_hearts::smiling_face_with_face_with_hearts::smiling_face_with_face_with_hearts::smiling_face_with_face_with_hearts::smiling_face_with_face_with_hearts::smiling_face_with_face_with_face_with_hearts::smiling_face_with_face_
"until now, fear and anxiety are still on my side after your departure.",Negatif,"Till now, rasa takut dan kecemasan is still in the sisiku after you go."
**** giselle emang yg konsep gini girl crush giselle emang pas bgt. apalagi kalau cosplay tantri kotak,Positif,Giselle emang yang konsep gini gadis crush Giselle emang yang yang tidak begitu. especially if cosplay tantri kotak
"i stand for humanity... dear all brothers and sister in rusia &amp; ukrine and all around the world, live in peace is the best option!",Positif,"Dear all the brothers and sisters of Russia and Ukraine and of the whole world, living in peace is the best option!"
"nontonin webinar (eng) di yutup. ada 3 speaker from around the world. 1st one is from idn, setting kecepatan pemutaran 1,5x karena ez to understand. move to american accent, kecepatan diturinin ke 1,25x wkwkw. and the last is british accent, kecepatan pemutaran normal :loudly_crying_face::thumbs_up:",Netral,"There are three speakers from all over the world. The first is from the IDN, organizing the speed of change 1.5x because it's not to understand."
ㅤㅤㅤ now keep santuy cus fest bakal keluarrrr ㅤㅤㅤ,Positif,ᅠᅠᅠ now keep the santay cus fest will be a complaint ᅠᅠᅠ
2 hari berturut turut burnout di kantor :thumbs_up:,Negatif,2 days after the burnout in the office:
crush pertamaku di dunia perbolaan. dulu sampe beli baju bola nomor 17 karna itu nomor punggungnya ib wkwkwkk,Netral,To destroy my first time in the world perbolaan dulu sampai beli baju bola no. 17 because it is the number backgungnya ib wkwkwkk
staycation surabaya,Netral,staycation in Surabaya
"mulai skrng gak usah makan diet dgn makan salad ala luar negeri yg mehong, trnyata gado2 da' best in da' world bestie. arab uncle roger jilbab",Positif,"Start now don't eat diet with eating salad ala luar negeri yang mehong, it turned out to be the best in the world"
"ameh turu overthinking ,, tangi turuuu tambah overthinkinh -_-",Negatif,"I'm thinking too much, I'm thinking too much too much."
"haafidz menjelaskan cara cepat terbang kelangit, selamat hari senin...:winking_face_with_tongue::face_with_tears_of_joy::folded_hands::smiling_face_with_hearts: @ malino kota bunga",Positif,"Haafidz explains how to fly quickly Kelangit, selamat hari senin...:winking_face_with_tongue::face_with_tears_of_joy::folded_hands::smile_face_with_hearts: @malino kota bunga"
"it's okay to be sad. just lay down your head onto bed. or even, side by side with my head",Negatif,"Nothing to be sad about. Just put your head in bed. Or even, side-side with my head."
ini dia chat dri bulan maret jdi co juga akhirnya emng rejeki mah ga kemana. gue yg jualan jg terlalu santuy wkwkwkkkkk,Positif,I'm going to the moon maret and I'm going to the moon maret and I'm going to the moon maret and I'm going to the moon maret and I'm going to the moon maret and I'm going to the moon maret and I'm going to the moon maret and I'm going to the moon maret and I'm going to the moon maret and I'm going to the moon maret and I'm going to the moon maret and I'm going to the moon maret and I'm going to the moon maret and I'm going to the moon maret and I'm going to the moon maret and I'm going to the moon maret and I'm going to the moon maret and I'm going to the moon maret and I'm going to the moon maret and I'm going to the moon mar
"subtwt when you post your art or anything really treat it as dumping it into a void because **** gurl twt is really a void. interaction or likes usually comes from people who happen to notice your post, not those who actually like it or something.",Netral,"Subtwt when you post seni Anda or something that actually treats it as throwing into a mess because **** gurl twt really a mess. interaction or suka usually comes from people who happen to notice posting you, not they yang really menyukainya or something."
"how i get my demon i was at my saturation point, no one understand, nobody's care about me. suicidal mind for many years. and then someone talked to me inside my head. give me the best advice i ever heard. save me for many times.",Negatif,"I'm at the point of being alone, I don't have any understanding, I don't have any concerns about my thoughts of suicide for years and then someone talks to me in my thoughts."
"in case you got something in dm from me, do not open it... it's a spam link that i don't even know how did i got into (heck i was sleeping peacefully when that happen at like 2 am)",Negatif,"If you get something in DM from me, don't bother... it's a spam link that I don't even know how I got in (heck I slept with calm when it happened around 2am)"
"keep your hands clean let the other hands do the rest i'll be silence, they already knows how you are and what you are doing. if you hit me.. i won't hit you up, if you talk to all the people you've met that's your business, i don't even care.. someday you'll get pay back",Positif,"Let the other hands do the rest I'll be quiet, they already know how you and what you do. If you hit me .. I won't hit you, if you talk to all the people you've met it's your business, I don't even care .. one day you will get your payment back"
"me: :fire::speaking_head: (lagi cerita banyak masalah) bestie: :moai:(masalah dari mannya woe. muka lu slow banged) me: :persevering_face: (lagi ngeluh karna saldo abis) bestie: :face_exhaling: (terus yg elu tarik barusan di mesin atm apaan jrt?, mau gue anggap daun rupiah??)",Negatif,I'm not sure what I'm going to do. I'm not sure what I'm going to do.
sendernya gk pernah healing nih. trus pulang pulang sinting.,Negatif,Pengirimnya never said goodbye.
coba spill nama crush klian berani gk???,Netral,Try to talk to the name crush clian brave gk???
my bestie,Netral,My friend
"when someone asks, what kind of blues is yours? is it like robert johnson? bb king? john mayer? nirvana? or even like metallica? it's better if you just answer: 'my blues is me' (blues-ku adalah aku)...",Netral,"When someone asks, what kind of blues are you? Is it like Robert Johnson? BB King? John Mayer? Nirvana? or even like Metallica? better if you just answer: 'Blues-ku is aku' (blues-ku is aku)..."
even the grey sky is beautiful. thank u ****.,Positif,Even the sky is beautiful.
if handita reksi and putri nastitie leave me surely i will end up alone forever,Negatif,If Handita Reksi and daughter Nastitie leave you I will be alone forever
insyekurrr+overthinking boleh ga? :smiling_face_with_tear:,Negatif,"If you think too much, you can get it."
"everytime i see my phone notification ""hii putu..... "" then i tryna ignore it, my heart beating fast, while wondering what i have done today",Negatif,"Every time I see a newsletter on my phone ""hi putu....."" I try to get started, I hate to get up fast, wondering what I've been doing today"
main ludo adalah jalan ninja ku untuk mendistraksi anxiety,Positif,The main ludo is the way ninja ku untuk mendistraksi kecemasan
selamat overthinking,Negatif,I think it's too much.
"jungwon and the floor while singing is a true love. once into the iland and then **** dazed, stable voice and sharp dance move. yeoksi uri jungone :clapping_hands::clapping_hands::clapping_hands: bravo",Positif,"Jungwon dan lantai sambil bernyanyi adalah cinta sejati. once ke pulau dan kemudian **** suara yang tak terduga, stabil dan gerakan tari tajam. yeoksi uri jungone:"
healing + trawas gaada obat emang :sparkles:,Positif,This is the list of medicines used in the preparation of medicines.
konser lah! udah dpt tiket sm paspor nya yakali nungguin pasangan di spill,Netral,"I've got a ticket for a new passport, and I'm waiting for a couple in the bocor."
"tempat healing terbaik tahun ini. jarak 500an km, pergi sendirian tapi gk ngerasa sepi sama sekali. kesekian kalinya pergi ke dieng sendirian. klo ada kesemepatan lagi...tahun depan pengen balik kesini lagi. aamiin",Positif,"The best place to go this year. 500 km away, go alone but don't feel alone once. Kesekian kali go to the day alone."
"konsisten, gaboleh fomo",Positif,"Consistent, can get Dari"
"deep in my heart, i am lonely. unconsciously, i have built wall around me.",Negatif,"In the middle of it, I'm lonely, and I'm not aware, I'm building walls around you."
and i dont even need your love but you treat me like a stranger that feels so rough,Negatif,And I don't even need your love but you treat me like a stranger who feels so rude
"please, let me to dissapear for a while",Negatif,"Please, let me disappear for a while"
paling ga suka sm orang yg basa basi. to the point aja ngapa. maunya apaaa.. suka zebel yg aslinya aku udh tau maksut dan tujuan anda. tp kenapa harus belibet muter2 :face_with_tears_of_joy::face_with_tears_of_joy:,Negatif,"Most of all, I like the orang-yang base. Till the point of a ngapa. Maunya apaaa.. like Zebel yang aslinya aku udh tau maksut dan tujuanmu. tp knp harus percaya muter2:"
"one of my support system :dove: semangat streaming, ayo kita nge roeg :fire::fire:",Positif,One of the main reasons for this is that the government is not going to be able to keep up with the demand for electricity.
"hehhee, dah lah jngn kebanyakan overthinking, besok gajian ayo hura2 lagii",Negatif,"Hey, that's mostly thinking exaggerated, tomorrow morning let's hurry again"
even if i die no one cares... because i've always been in this world alone,Negatif,Even if I die there is nothing that matters... because I am always alone in this world
mau staycation di akhr tahun bgt haha,Netral,Mau staycation in akhr tahun bgt haha
ketika lu udh tw bakal macet tp tetep maksain buat healing kwkwkwkww,Negatif,"When you are dead, I will remain alive and bless you."
aneh deh setiap gue overthinking sm dia dan ngerasa cape sm semua kelakuan dia tapi pas ketemu tuh gua ngerasa dia sayang bgt sm gua. racun anjg,Negatif,It's weird that I think too much about him and I feel like I'm not doing anything but I don't see him.
"pergi healing, pulang anjing",Negatif,"Going to make a mess, going back to the dog"
"makin nambah umur, makin menikmati waktu curhat malam2 sama tuhan. tuhan itu bestie banget lah buat aku.... :smiling_face_with_open_hands::smiling_face_with_open_hands::smiling_face_with_open_hands::smiling_face_with_open_hands:",Positif,"I'm getting older, I'm enjoying my time with my God."
i dont even have energy to get mad :face_exhaling:,Negatif,I don't even have the energy to anger:
staycation di hutan.. gua tiap di hari hutan... gua prefer makan mie aceh atau mcd deh bareng kamu,Negatif,I live in the woods... I go out every day in the woods... I go out to eat with you.
"jadilah tetap sejuk meski ditempat yang panas, tetap tenang meski di terpa badai yang hebat, tetep narsis ben disawang panggah manis :grinning_face_with_big_eyes::grinning_face_with_big_eyes::grinning_face_with_big_eyes: epribade is ping de :two_hearts: #**** kapal bandar latte",Positif,"So stay cool even though ditempat yang panas, stay calm even though di terpa badai yang hebat, stay narsis ben disawang panggah manis: smile_muka_dengan_mata_besar:: smile_muka_dengan_mata_besar:: smile_muka_dengan_mata_besar:: smiley_muka_dengan_mata_besar:: epribade adalah ping de: dua_hati: #**** kapal bandar latte"
"even tho we got both sides of statement, we still don't know the exact details abt what happened behind the scenes. so , &amp; esp all of the production teams in that song are all in this together, they all should be held responsible.",Netral,"Although we have two other statements, we still don't know the exact details of what happened on the back screen."
udahhh kangennn lg woyyy wkwk bestie 24/7 :grimacing_face: . . . @ wearing klamby,Positif,"It's already, don't get up there."
"salah dua film kesayangan sepanjang masa, ‘while you were sleeping' dan ‘enchanted,' bakal tayang di mulai november! aaak!",Positif,"Salah two movies Kesayangan all the time, while you sleep and terpesona, will tayang on November!"
di ghosting customer ternyata lebih sakit daripada di ghosting ama crush:pensive_face:,Negatif,Customer ghost turned out to be more sick than ghost ama crush: mahal_face:
selfi healing saat hati hancur apa sih :smiling_face_with_tear:,Negatif,I'm going to kill myself when I'm broken.
are u want healing gysss??,Netral,Do you want to make me happy?
"live just for once, glory we have to gain while we are young, we will carry on stay on the line even it's full of pain never break up, we will rest when we are dead",Positif,"We'll have to get some time, we'll have to stay on the line even if it's full of pain never to be broken, we'll rest when we die."
"when you know why you like someone, it's a crush. when you have no reason or explanation, it's love.",Positif,"When you know why you like someone, it's a kegemukan. When you have no excuse or explanation, it's love."
"this is too much, i haven't even get to watch johnny's rc today or even greet ten happy birthday",Negatif,"I'm too much, I can't even watch Johnny's RC today or even say happy birthday."
"margin trading platform in bsc :smiling_face_with_heart-eyes: first amm-based decentralized margin trading on it! this is what we waiting for! already in beta test! and its token is $lev, which is scheduled for ido on at may 3rd. letsgoo! $bscpad",Netral,First Amm based decentralized trading margin in the upper part! this is what we are waiting for! we are already in the test beta!
sumpah ternyata crush gue dari zaman maba ternyata sempro hari ini:smiling_face_with_tear:,Netral,I swear it turned out to be a complete failure.
semakin mngerti knapa orang bkerja itu pda mngeluh dan butuh healing krena job descnya nambah tapi gajinya ndak,Negatif,"The world is full of people, and the world is full of people, and the world is full of people, and the world is full of people, and the world is full of people, and the world is full of people, and the world is full of people, and the world is full of people, and the world is full of people, and the world is full of people, and the world is full of people, and the world is full of people, and the world is full of people, and the world is full of people, and the world is full of people, and the world is full of people, and the world is full of people, and the world is full of people, and the world is full of people, and the world is full of people, and the world is full of people, and the world is full of people."
otw kab serang urusan kerjaan sambil santuy sunday funday :musical_score:,Positif,OW Kab Serang urusan pekerjaan sambil Santo hari Minggu:
mood swing sekali,Negatif,mood swing once
"kenapa harus cari kambing hitam sih anehnya, yg cuma dugaan doang even sadio mane aja bisa gagal di peluang ini kok wkwk apalagi dewangga",Negatif,Why should I look for a better way to do things?
"the more i work in a media agency, the more i can tell which “viral content” is a campaign content",Netral,"I'm working in media agencies, more and more I can know how to content viral yang is content campaign"
random banget ya hari ini. healing dadakan sama mas ustad:face_with_tears_of_joy:,Netral,Random banget ya hari ini. menyembuhkan dadakan sama mas ustad: wajah_dengan_teri_kebahagiaan:
"when you go would you even turn to say "" i dont love you like i did yesterday?",Negatif,"When you go, you even gonna say ""I don't love you like yesterday?"""
i prefer this korean pure quality,Positif,I like the quality of pure Korea.
"dipikirin gak dipikirin, ujung ujungnya tetep overthinking",Negatif,"I think I'm not thinking, but I'm thinking too much."
"jimin you are cute, funny, good with everyone, you also love the people around you, you are really the best for army. stay focused on your career don't care about the people who put you down , because we love you stay strong, jimin :purple_heart::purple_heart::purple_heart:",Positif,"Jimin you are sweet, funny, okay with all the people, you also love the orang-orang around you, you are really the best for the army. Stay focused on your career don't care about orang-orang that make you fall, because we love you stay strong, jimin: purple_heart::purple_heart::purple_heart:"
"asas praduga tak bersalah harus dijunjung oleh siapapun demi menjaga citra, hak dan martabat orang.",Netral,"Asas praduga tak guilty must be judged by siapapun demi to keep the citra, hak dan martabat orang."
untung maju mundur staycation wat long weekend ga jdi. ternyata tutup buku taun ini ga libur :loudly_crying_face: kerjo terngoyo dari hari senin sampe saiki. puncak e saiki karena besok setengah hari tok,Negatif,"Luckily, I'm going to stay here for a long weekend."
sing kate tarung petek ee opo samean bestie? eh brodie :loudly_crying_face:,Netral,Bernyanyi Kate Tarung Petek is the best friend of the family.
i'm literally dying:loudly_crying_face: apadayaku cm rakyat jelata yg ttp butuh duid :loudly_crying_face: nggak paham lg mo nangis,Negatif,I really do not understand how you are crying
"""new year, new salary, new journey, new boss, new overthinking, new problems""",Negatif,"""tahun baru, gaji baru, perjalanan baru, bos baru, berpikir berlebihan baru, masalah baru"""
asyar bestie .,Netral,Asyar ' s best friend .
"proud to be watching this father and son love, even though you're giving him som tough love. he made it. congrats",Positif,"I'm proud to see this love of father and son, even though you're a member of this love of Yang Hars."
spill mornin playlist kalian **** gais.,Netral,I'm going to write you a list of gay songs.
"nothing lasts forever, even cold november rain",Netral,"There is nothing that will last forever, even the cold November rain"
"wounds are not ""approval"" to bleed on people who didnt cut you. those wounds need to be healed, so you can stop pour the anger to anyone that cost relationship, friendship - in any form. self healing is a powerful practice of self love, universal love, and compassion.",Positif,"Luke is not ""perkenalan"" to be without blood on the orang yang tidak memotong Anda. Luke is it needs to be disembuhkan, so that you can stop swearing kemarahan on anyone who is spending relationship, persahabatan - in any form. penyembuhan diri is a practice that is kuat of love diri, universal, and love dear."
staycation..,Netral,The place to live..
bgstttttt w di cht crush :face_with_crossed-out_eyes::face_with_crossed-out_eyes::face_with_crossed-out_eyes::face_with_crossed-out_eyes:,Positif,bggstttt w di cht crush:face_with_crossed-out_eyes::face_with_crossed-out_eyes::face_with_crossed-out_eyes::face_with_crossed-out_eyes::face_with_crossed-out_eyes::face_with_crossed-out_eyes::face_with_crossed-out_eyes:
"i even didnt have any intention to get this album. but, i got it finally! thanks for the offline ga. wish you all the best! :two_hearts:",Positif,"I didn't even have any intention of getting this album. But, I finally got it!"
new adventures are around the corner. happy new year ! .id @ sampit,Positif,A new adventure around the corner .
"lepas dari soal macron ato kartun, apakah islam membenarkan orang menyembelih manusia hanya karena perbedaan keyakinan? kenapa tokoh2 politisi islam cenderung denial pada aksi2 biadab yg mengatas-namakan agama?",Negatif,"After Macron's question to Kartun, does Islam justify people's beliefs only because of differences in beliefs?"
even the villain is greatt!! :thumbs_up_light_skin_tone::thumbs_up_light_skin_tone::thumbs_up_light_skin_tone:,Positif,Even penjahat itu hebat!!: thumbs_up_light_skin_tone:: thumbs_up_light_skin_tone:: thumbs_up_light_skin_tone:: thumbs_up_light_skin_tone:
kayaknya humble + clingy :call_me_hand:,Netral,I think it's low-key.
mental health issues are so important. if you need help please find someone you can trust to help you. don't let yourself damage.,Positif,mental health issues are very important. If you need help please find someone you can trust to help you. Don't let yourself be ruined.
"actually i don't mind getting kapan kawin question but the sekarang makin gemuk ya comment that i can't handle, because i know it's true :smiling_face_with_tear:",Negatif,"Actually, I don't mind getting married questions but now I'm making a lot of comments about you, because I know it's true:"
"i have crush on you, hbu?",Netral,"I'm in love with you, huh?"
mak tratap liat mantan lewat pake jazz plat aa tu sapa. dah lah ga mau over tp ttp aja overthinking ;),Negatif,I've never seen an ex-girlfriend wear a jazz record.
pengen staycation kalo liburan gini.. :beaming_face_with_smiling_eyes::beaming_face_with_smiling_eyes::beaming_face_with_smiling_eyes::beaming_face_with_smiling_eyes:,Netral,I want to staycation like this holiday gini..::beaming_face_with_smile_eyes::beaming_face_with_smile_eyes::beaming_face_with_smile_eyes::beaming_face_with_smile_eyes::beaming_face_with_smile_eyes::beaming_face_with_smile_eyes:
alhamdulillah :melting_face::pleading_face: happy banget banget bangettt bisa healing ke :two_hearts:thank you :smiling_face_with_open_hands::sparkles:,Positif,Alhamdulillah: melting_face:: pleading_face: happy banget banget bangettt could make me feel good about you: dua_hearts: thanks:
"demi apapun aku sayang bgt sama keluarga aku, support system terbaik itu keluarga:white_heart:",Positif,Demi whatever I love my family my best support system is this family:white_heart:
"ppkm day 28 when you don't like your president and the gank, just do whatever you can do and around you can do to make a better place. don't blame him without a solution.",Positif,"If you don't like your president and the people you don't know, do whatever you can and do to make a better place."
salah satu alasan aku prefer apartemen ketimbang rumah tapak: ga akan ketemu ibu-ibu berhijab yang mulutnya kek jamban,Negatif,One of the reasons I like apartments more than other people's houses is that I will not meet my mom.
btw yg nge scream/growl bestie w si totong,Netral,BTW yang nge teriak/menggerutu bestie wsi totong
after i saw this i was even more proud. i always support you in any way hehe maybe until you have kids. thank you for this video i cry and feel proud to always support you. :loudly_crying_face::loudly_crying_face::purple_heart:,Positif,After seeing this I'm more proud. I'm always supporting you in any way.
"bener2 seharian cuma tiduran dikamar, overthinking, nangis, dahlah capej",Negatif,"I'm just going to be a little bit more busy, thinking too much, crying, coughing."
temen 1 geng staycation gak ngajak2 gua. trus minjem duit ke gua untuk have fun. sial. gua rebut juga nih sugar daddy lu pada satu2.,Negatif,I'm not going to buy a ticket to the hotel. I'm going to buy a ticket to the hotel.
"jangan lupa sebelum tidur untuk berwudhu, face wash, sikat gigi, memakai serum, lanjut overthinking.",Negatif,"Don't forget to go to bed, wash your face, brush your teeth, use serum, keep thinking too much."
for women who can actually afford that kind of kitchen :face_with_hand_over_mouth::face_with_hand_over_mouth:,Netral,For the ladies who really can afford to buy this type of kitchen it is:
"what are you talking about? the earth is fine! the climate which have optimum for living thing especially human to live in is not as usual, our egoistical side thinking we save the earth by doing green thing but truth to be told we just want to save ourself",Negatif,"What are you talking about? the earth is fine-okay! the climate that has optimal for living creatures especially humans for living is not as usual, if egois we think we save the earth by doing green things but the truth to say we just want to save ourselves"
omfg bestie!! im crying :loudly_crying_face::nail_polish_light_skin_tone::rainbow:,Netral,Oh my best! I cry:
nge crush kakel udh 10 th:pleading_face: doi upload uwu uwu terus dah tiap hari. kan akuuwuphobia,Negatif,Menghancurkan kakel udh 10th: pleading_face: doi upload uwu uwu continue saya every day. kan akuuwuphobia
"even tho i'm team djokovic, i love seeing nadal back on court",Positif,"Although I'm a Djokovic, I like to see Nadal back in court."
ini org plg kepo,Negatif,This is the first time that the
nasib emak emak yg napsu nyritain tetangganya gmn ya? buuu mending cari cuan jualan takjil mayan buu drpd kepo ama idup orang. serius banget mantaunya sampe ngira ngepet ya allah knp kocak bener :face_with_tears_of_joy::face_with_tears_of_joy::face_with_tears_of_joy::face_with_tears_of_joy:,Negatif,nasib emak yang napsu nyritain tetangganya gmn ya? buuu mending cari kuan jualan takjil mayan buu drpd kepo ama idup orang. serious banget mantaunya sampe ngira ngepet ya allah knp kocak bener: wajah_dengan_mata_kebahagiaan:: wajah_dengan_mata_kebahagiaan:: wajah_dengan_mata_kebahagiaan:: wajah_dengan_mata_kebahagiaan:: wajah_dengan_mata_kebahagiaan_kebahagiaan_kebahagiaan_kebahagiaan_kebahagiaan_kebahagiaan_kebahagiaan_kebahagiaan_kebahagiaan_kebahagiaan_kebahagiaan_kebahagiaan_kebahagiaan_kebahagiaan_kebahagiaan_kebahagiaan_kebahagiaan_kebahagiaan_kebahagiaan_kebahagiaan_kebahagiaan_kebahagiaan_kebahagiaan_kebahagiaan_kebahagiaan_kebahagiaan_kebahagiaan_kebahagiaan_kebahagiaan_kebahagiaan_kebahagiaan_kebahagiaan_kebahagiaan_kebahagiaan_kebahagiaan_ke
this's surely not the easy one. i'm exhausted :rolling_on_the_floor_laughing: (did a hm a day before :relieved_face:) check out my activity on strava:,Negatif,I'm not going to be a big fan of this.
"sjw tai anjing lah kesel gue. lo idup di indonesia bos, merubah stigma itu ga gampang. lo pgn org lain open sm pilihan lu but lo pun ga ngehargain mereka yg teguh sama pilihan mereka, dibilg close minded. terus klo mnrt gue menyimpang itu ttp harus gue normalize gitu? sehat lo???",Negatif,I don't know who will make me a better person. I don't know who will make me a better person. I don't know who will make me a better person.
"baru pertama ketemu setelah lulus smk. pas w sapa duluan dia mlongo aja, mikir kali yaa ni org siapa sih nyapa². begitu w lepas masker trs spill nama w. baru dia kenal:loudly_crying_face:",Netral,I just met him for the first time after graduating high school. I don't know who he is. I just know him.
even the sunset is jealous of ur smile,Positif,Even the sun is shining
"doing whole self-care routine in last day of 2020 is probably one of best decision i'd choose:"")",Positif,"Doing routine care of myself on the last day of the year 2020 may be one of the best decisions I'll choose:"")"
thats why my baby choose twitter buat spill testimoni perbatangannya :face_with_tears_of_joy:,Netral,That's why I chose Twitter to make a testimonial about her:
"saturday night just strolling around pejaten, kemang, and cipete; dan stop di dua coffee, enak banget suasananya. anak jaksel boleh lah mampir, jangan ke mall mulu xd",Positif,"Saturday night I was just walking around Pejaten, Kemang, Dan Cipete; dan stop di dua kopi, enak banget suasananya. Anak jaksel boleh mampir, jangan ke mall mulu xd"
"we actually could get her 6th debut oh **** im dizzy... lets focus on 34+35, i dont want 7 rings buywgfib moment again",Netral,"We can get a debut on the 6th oh **** im pusing... Mari focus on 34 + 35, I don't want 7 cincin buywgfib moment again"
si seneng deeptalk :grinning_face_with_sweat:,Positif,If you like deep talk: smiley_wajah_dengan_perkeringat:
thanks very much for your good signed of smiles and two thumbs up &amp; even signed of love to me many times!,Positif,Thank you so much for showing me a good smile and two more times and even showing me love many times!
"gatauu kenapa swing bgt mood w klo lagi ****:( kdg ceria kdg tiba"" pen nangis gangertiii :face_with_tears_of_joy::face_with_hand_over_mouth:",Negatif,I'm not sure why I'm so upset.
pengen tindik tiga di telinga tp takut dikatain kaya brandalan kalau dulurku yg gak open minded ngeliat..,Negatif,I want to see you but I'm afraid I'll see you if I can't see you.
coba kalo udah punya pacar atau crush tuh kasih tau. biar ekspektasi aku berubah ke yang lain.,Negatif,Try if you have a girlfriend or fall in love with you.
healing cerita nya :beaming_face_with_smiling_eyes: morning :sunflower:,Positif,Story of the newlyweds: beaming face with smiley eyes
literally me after stealing your heart:red_heart::sparkles:,Positif,I'm after stealing hatimu.
overthinking marai ra iso turu cuk,Negatif,thinking excessive marai ra iso turu cuk
"take a walk through the full of business &amp; wet weekend with mz after all the sleep deprived, stomachache, &amp; boredom today. hope it'll makes us happy even more. enjoy while it lasts. beautiful jakarta city night. :bouquet:",Positif,walk-jalan through full business &amp;amp;amp;amp;amp;amp;amp;amp;amp;amp;amp;amp;amp;amp;amp;amp;amp;amp;amp;amp;amp;amp;amp;amp;amp;amp;amp;amp;amp;amp;amp;amp;amp;amp;amp;amp;amp;amp;amp;amp;amp;amp;amp;amp;amp;amp;amp;amp;amp;amp;amp;amp;amp;amp;amp;amp;amp;amp;amp;amp;amp;amp;amp;amp;amp;amp;amp;amp;amp;amp;amp;amp;amp;amp;amp;amp;amp;amp;amp;amp;amp;amp;amp;amp;amp;amp;amp;amp;amp;amp;amp;amp;amp;amp;amp;amp
"do i ever even cross your mind, just for a second?",Netral,"Did I ever come to your mind, just for a second?"
ajak aku main **** bestie :(,Negatif,I'm going to go with you.
"aku isoh kok senyum, santuy, raketan palsu rak yo koe ra peduli",Negatif,I know you're not a real person.
28/04/21hiking for the very first time ever. and probably the last time.,Netral,28/04/21 walking for the first time and maybe the last time.
"hari ini rasanya banyak kesel sama orang karna ngerasa kenapa ya kok orang2 ga sesuai sama apa yg udh gw ekspektasiin. mood swing banget dan capekk melototin laptop (baru kelar set1), trus skrg rasanya pengen nangis bersyukur masih bisa hidup sampai hari ini, gut nait teman2:smiling_face_with_smiling_eyes::sparkling_heart:",Positif,"Today I feel a lot of anger with my people because I feel why ya kok orang2 ga sesuai sama apa yang udh gw expectasiin. mood swing banget dan capekk melototin laptop (baru kelar set1), so now I feel like i wanna cry thankful i can still live till today, gut nait teman2: smile_wajah_dengan_menertawakan_mata::berkilau_hati:"
"kenapa sekarang dikit"" bilang ""healing""... lagi liburan bilang ""healing""...bingung jadinya emang ente lagi pada sakit yak ? ""ngopi dulu lah gk pake healang healing....",Negatif,"Why now a little say ""Membuhkan""... again holiday say ""Membuhkan""... so how does it be that you are again sick yak?"
mari bestie:smiling_face_with_smiling_eyes::smiling_face_with_smiling_eyes::smiling_face_with_smiling_eyes:,Netral,Mari bestie: smiley_wajah_dengan_menertawakan_mata:: smiley_wajah_dengan_menertawakan_mata:: smiley_wajah_dengan_menertawakan_mata:: smiley_wajah_dengan_menertawakan_mata:: smiley_wajah_dengan_menertawakan_mata:: smiley_wajah_dengan_menertawakan_mata:: smiley_wajah_dengan_menertawakan_mata:: smiley_wajah_dengan_menertawakan_mata:
taun barumu ngapain bestie,Netral,Tahun Baru Spanyol bestie
"urang udah terlalu lama sendirian, jadi tidak terbiasa mengabari, tidak terbiasa diberi rentetan pertanyaan. urang ga worth it buat orang yang clingy, urg ga worth it buat orang yg posesif, urang ga worth it buat org yg harus atraktif chat. am sorry :)",Negatif,"Orang sudah terlalu lama sendirian, jadi tidak terbiasa mengabari, tidak terbiasa diberi sewa pertanyaan. Orang tidak layak membuat orang yang lengket, urg tidak layak membuat orang yang memiliki, orang tidak layak membuat orang yang harus menarik chat. sorry :)"
"sudah mencoba healing dengan macam bentuk pertanyaan ttg ""anak"". akhirnya kutampol sodara sendiri dengan berakhir beliau merasa bersalah dengan pertanyaannya",Negatif,"I've tried to solve all sorts of questions about ""child""."
apa yang membuat kamu pengen staycation dimalam tahun baru,Netral,What is it that makes you want to stay for a holiday?
"pada akhirnya, caption hanyalah caption, twit hanyalah twit, yg tau apa yg terjadi dan yg dirasa ya cuma diri sama tuhan aja, raqib atid dapet si spill, dikit tapi.",Positif,"In the end, the caption was just the caption, tweet was just a tweet, yang tahu apa yang terjadi dan yang dirasa ya cuma diri sama tuhan aja, raqib idid mendapat si spill, sedikit tapi."
"rausah kepo, marai gelo",Negatif,"Rausah kepo, marai gelo"
overthinking gue malem ini :,Negatif,I'm too thinking this afternoon:
"tonite closed with this meal, actually accompanying bestie for having this meal. but, it was tempted me too.:rolling_on_the_floor_laughing:",Positif,"Tonicity closed with this meal, actually went my best to eat this. But, it's tergoda my game.:rolling_on_the_floor_laughing:"
notif rame bgt grgr komen di base julid:face_without_mouth: gasuka... jd inget ngehide video tiktok karna fyp :' gasuka notif yg rame even itu positif comments,Negatif,Notif rame bgt grgr komen di base julid:face_without_mouth: gasuka... jd remember about the video tiktok karna fyp:' gasuka notif yang rame bahkan itu komentar positif
sampe lemes bestie:pensive_face:,Negatif,I'm not sure.
healing tp ga beneran healing soalnya dikejar deadline tugas kuliah:weary_face: tp gapapa lah yg penting viewnya beda dikit,Negatif,I'm really not really interested in this.
murid rasa bestie... seneng bgt bisa kenal kalian jugaa:red_heart: to : 6icp from : bu arin:heart_exclamation:,Positif,I'm glad I can get to know you guys.
"pernah nemu cwok yg meninggalkan hanya karna mood swing ku yg cepetnya sekedip mata . kirain bner gara2 itu , eh ternyata karena punya selir",Negatif,Have you ever found someone who leaves the road because the mood changes as quickly as I do.
no offences but jadi maba ipb ilmu gizi 2021 actually sucks!! semoga tgl 28 mei dapet selamat:blue_heart:,Negatif,I'm not wrong but I'm not really happy about it!
"rang-orang balik dari pangalengan beban hilang karena healing, lah aku balik pangalengan malah tambah bawa beban",Negatif,"Rang-orang balik dari pangalengan beban hilang karena penyembuhan, lah aku kembali pangalengan malah tambah bawa beban"
it doesnt even matter....,Netral,It's not even important...
emang tempat healing + ngadem disini:smiling_face_with_hearts:,Positif,I'm not sure what I'm saying.
makan bestie,Netral,Eat the best
date wish aing semoga nanti bisa traveling sama crush keliling bandung sama jogja,Netral,I wish you a good time and I will be able to travel with you
akhirnya healing jogak seminggo:pleading_face::rolling_on_the_floor_laughing:,Positif,Finally I'm going to start jogging.
"selamat ulang ta'un ma bestie :smiling_face_with_heart-eyes: semoga doa2 baik km segera dikabulkan allah ya , yang penting skrg sehat selalu dan semoga selalu dilindungi dan dijauhkan dari hal2 buruk amin :smiling_face_with_hearts::palms_up_together_light_skin_tone::white_heart: :victory_hand_light_skin_tone::face_blowing_a_kiss:",Positif,"Happy Birthday to your best friend: smile_wajah_dengan_hati-mata: hope to pray2 good km soon dikabulkan allah ya , yang penting sekarang sehat selalu dan semoga selalu dilindungi dan dijauhkan dari hal2 buruk amin: smile_wajah_dengan_hati:: telapak tangan_up_bersama_cahaya_tone:: white_hati:: kemenangan_tangan_cahaya_tone:: wajah_bergelembung_ciuman:"
yuk yg lagi butuh jasa doodle art bisa langsung dm aku. lagi musim graduation kan:backhand_index_pointing_right::backhand_index_pointing_left: atau mas/mba crush lagi ulang tahun bisa banget pake jasaku hehe ᅠ,Netral,I need more services to do doodle art can be done immediately. I can do it again.
"two years ago, i really had a chance to join club 27, to end my journey. somehow i have a feeling about what will happen with two last year, but i continue my life.",Positif,"Two years ago, I really had the chance to join Club 27, to end my journey. I don't know how I had feelings about what would happen with two years ago, but I'm going on with my life."
"apa saja sih yang ditanyakan teman-teman kepada ki ananda?bagaimana jawaban ki ananda?kita kepo'in aja :rolling_on_the_floor_laughing:video audio good morning, and smile :woozy_face:",Netral,What is it that you are saying to your friends?
masih overthinking?,Netral,Still too much to think?
i adore mba pingkan' voice in this song although she was my friend's ex but i think i have a crush on her alias klee imut kali pingkan ni ci :slightly_smiling_face:,Positif,I like the sound of Mba Pingkan in this song although he is my former friend but I think I am in love with aliasnya Klee imut Kali Pingkan ni Ci:
"seru juga salty sama org cabang. barusan ngelunasin tagihan cc :rolling_on_the_floor_laughing: tapi kl target mereka udah ijo ya yaudah si but still lumayan, 1x gaji. mamam noh",Negatif,"It's a good game as a same org branch. Barusan ngelunasin tagihan cc:rolling_on_the_floor_laughing: but kl target they're already green yudah si but still pretty, 1x gaji. mamam noh"
"kalo aksan cocoknya di teknik sipil, devan cocoknya di teknik spill.",Netral,"If Aksan matches the civil engineering, before the technical spill matches."
